QuestionNum,Question,AnswerUse,Curiosity,Satisfy,More,CurSD,SatSD,MoreSD,KnowNO,KnowTOT,KnowYES,Count,KnowNOprop,KnowYESprop,KnowTOTprop,CurSD_z,Length
3,"""Don't Stand So Close to Me"" by the Police was inspired by what literary work?",Lolita by Vladimir Nabokov,62.74285714,51.48571429,45.94285714,32.62022366,32.23568668,30.26252085,29,4,3,37,0.783783784,0.081081081,0.108108108,0.040995949,78
5,"""March"" was a retelling of what famous literary work from a different character's point of view?",Little Women,48.1627907,51.46511628,28.88372093,34.88479696,31.8802438,28.93277043,40,1,4,45,0.888888889,0.088888889,0.022222222,0.843080125,96
9,"""White Christmas"" playing on Armed Forces Radio was the secret signal for what event on April 30, 1975?",The evacuation of Saigon,69.70212766,60.04255319,50.40425532,30.9086416,31.98162342,36.34117295,34,8,5,48,0.708333333,0.104166667,0.166666667,-0.56522549,103
17,"A two-million gallon tank of what substance exploded in Boston in 1919, resulting in 21 deaths?",Molasses,70.89130435,67.93478261,63.19565217,31.84841057,32.41083644,32.44456439,37,6,3,46,0.804347826,0.065217391,0.130434783,-0.232370811,95
18,About half of the population of what Pacific island has the surname Christian?,Pitcairn Island,63.43181818,42.38636364,46.75,31.349046,29.66417925,30.16321878,35,4,6,46,0.760869565,0.130434783,0.086956522,-0.409239638,78
19,"According to Chairman Mao, ""political power grows out of"" what?",The barrel of a gun,52.10869565,58.95652174,43.86956522,32.60281396,30.41049272,35.54315605,31,6,9,46,0.673913043,0.195652174,0.130434783,0.034829647,63
20,"According to Norse sagas, who gave Greenland its misleading name in order to attract settlers? ",Eric the Red,56.90243902,54.68292683,44.63414634,35.10470401,31.67367916,32.21626615,29,6,6,42,0.69047619,0.142857143,0.142857143,0.920968516,95
21,"According to StarTrek.com, where was Captain Kirk born?","Riverside, Iowa",49.93877551,58.20408163,32.42857143,33.90022625,29.42644757,30.22002647,30,11,8,49,0.612244898,0.163265306,0.224489796,0.494357219,55
23,"According to the Guinness Book of Records, what was the loudest rock band ever?",KISS ,73.65116279,66.97674419,40.1627907,30.84668981,30.19893436,32.91614905,31,6,7,44,0.704545455,0.159090909,0.136363636,-0.587168057,79
24,"According to Thomas Malory, Sir Bedivere's last knightly act is to return what to a lake?",Excalibur,54.58139535,63.46511628,42.55813953,31.66959828,31.03864629,32.31268535,32,5,6,43,0.744186047,0.139534884,0.11627907,-0.295703939,89
26,"After almost four hundred years of fruitless searching, what was finally navigated by Roald Amundsen in 1906?",The Northwest Passage,48.26190476,46.73809524,44.0952381,34.42635089,32.6168141,29.94776715,33,6,3,42,0.785714286,0.071428571,0.142857143,0.680704131,109
27,"After his death, who was hung upside down from an Esso filling station in Milan's Piazzale Loreto?",Benito Mussolini,44.53333333,58.53333333,50.26666667,33.78380462,31.54477337,33.79981173,32,4,9,45,0.711111111,0.2,0.088888889,0.453122099,98
28,"After humans, what's the worlds most abundant mammal species?",Mice,73.56521739,58.56521739,35.65217391,30.71492737,31.08315169,33.64733266,28,7,10,46,0.608695652,0.217391304,0.152173913,-0.633836704,61
30,"After the 1990 NFL draft, who found himself teammates with his Heisman Trophy successor, Andre Ware?",Barry Sanders,35,48.97222222,23.58333333,33.66218735,34.36566901,28.97720779,30,3,3,36,0.833333333,0.083333333,0.083333333,0.410046749,100
32,Al Pacino's Satanic character in The Devil's Advocate is named for what author?,John Milton,42.84848485,46.27272727,32.51515152,32.07912212,31.48042321,29.79316324,24,6,4,34,0.705882353,0.117647059,0.176470588,-0.150655603,79
34,Alan Shepard was scheduled to command the ill-fated Apollo 13 before switching missions with what astronaut?,Jim Lovell,66.55319149,60.57446809,44.08510638,30.02883289,30.22361924,30.24812591,34,7,7,48,0.708333333,0.145833333,0.145833333,-0.87684298,108
35,Albert Fall became the first US cabinet officer to serve jail time for his part in what scandal? ,Teapot Dome scandal,59.87804878,56.34146341,51.53658537,32.08831183,33.6159261,33.2228066,29,4,9,42,0.69047619,0.214285714,0.095238095,-0.147400718,97
39,"Anciently, what was the job description of a ""hierodule""?",Temple Prostitute,59,58.68421053,51.68421053,34.32042966,34.26534398,37.65569858,37,1,2,40,0.925,0.05,0.025,0.643188127,57
40,Anthracite and bituminous are two types of what mineral?,Coal,46.06976744,52.04651163,31.18604651,33.07307591,27.89090438,25.43456199,31,4,8,44,0.704545455,0.181818182,0.090909091,0.201390678,56
44,"At 6-8 weeks, babies start producing what? ",Tears,70.17647059,70.76470588,56.85294118,24.38761557,26.08501117,31.45765056,24,4,8,37,0.648648649,0.216216216,0.108108108,-2.874893188,43
47,Bauxite ore is mined so it can be processed into what metal?,Aluminum,61.06,66.04,46.02,33.47274859,29.55724988,31.59726803,38,9,4,51,0.745098039,0.078431373,0.176470588,0.342949855,60
51,"Before being renamed in 1997, what were the Washington Wizards called?",The Washington Bullets,44.51162791,48.88372093,24.74418605,33.08385601,30.65725215,24.64229139,27,11,5,43,0.627906977,0.11627907,0.255813953,0.205208858,70
53,"Besides the platypus, what's the only egg-laying mammal?",Echidna,63.30555556,49.33333333,43.08333333,35.31071828,35.67632268,35.03579802,25,4,7,36,0.694444444,0.194444444,0.111111111,0.99393625,56
54,"Bruce Springsteen's ""The Ghost of Tom Joad"" was inspired by what literary work?",The Grapes of Wrath ,45.05128205,57.35897436,35.46153846,31.80445907,31.6896855,28.66397533,36,1,4,41,0.87804878,0.097560976,0.024390244,-0.247937896,79
55,"By a wide margin (more than 3:2), what's the most abundant element in the Earth's crust?",Oxygen,63.46341463,67.85365854,48.04878049,30.50335847,30.20973434,35.38852301,24,8,9,41,0.585365854,0.219512195,0.195121951,-0.708771821,88
57,Carnivorous animals will not eat another animal that has been killed by what means?,Lightning strike,68.81578947,68.65789474,66.57894737,33.73894635,31.8300184,32.95667228,20,9,9,38,0.526315789,0.236842105,0.236842105,0.437233848,83
60,Challenger Astronaut Bruce McCandless II became Earth's first human to ever do what?,Untethered space walk,64.875,64.7,51.8,26.59013457,27.21255366,32.59479273,31,7,3,42,0.738095238,0.071428571,0.166666667,-2.094787886,84
63,"Coincidentally, in what apartment complex was Rose Mary Woods living in the early 1970s?",The Watergate ,29.48717949,43.71794872,30.1025641,30.60260721,33.04936397,33.14306697,36,1,2,39,0.923076923,0.051282051,0.025641026,-0.673619131,88
68,"During which war was ""Richard III"" set? ",Wars of the Roses,44.17647059,50.41176471,38.45098039,32.36028794,32.57862887,31.87369682,42,4,6,52,0.807692308,0.115384615,0.076923077,-0.051070107,40
74,Eleven U.S. presidents have been what before being elected?,Generals,75.38095238,70.38095238,45.11904762,28.45788706,34.08737151,35.85825916,28,7,7,42,0.666666667,0.166666667,0.166666667,-1.43325279,59
75,"Europe's only free-range monkeys are the Barbary apes, which live where?",Gibralter,60.28205128,64.8974359,48.23076923,33.83469779,30.22180711,36.62862092,32,2,5,40,0.8,0.125,0.05,0.471147838,72
76,"Excepting Alaska and Louisiana, what US state is divided into the fewest counties, with only three?",Delaware,62.65116279,62.93023256,38.93023256,33.57924793,31.53410501,34.19718406,31,5,7,43,0.720930233,0.162790698,0.11627907,0.38067062,99
77,"F. Scott Fitzgerald wrote a famous short story about ""A Diamond as Big as"" what New York landmark?",The Ritz (Hotel),54.04347826,57.34782609,36.7173913,28.01266104,26.21722707,28.4524266,28,10,8,46,0.608695652,0.173913043,0.217391304,-1.5909464,98
79,"For his tenacity, 19th century biologist Thomas Huxley was nicknamed whose ""bulldog""?",Darwin's,52.02564103,51.43589744,40.23076923,33.5806078,29.06598199,27.78058915,32,4,3,39,0.820512821,0.076923077,0.102564103,0.381152269,85
80,For what crime was Bruno Hauptmann executed in 1936?,Kidnapping and killing the Lindbergh baby,54.24444444,58.2,50.84444444,32.27027591,28.82123586,33.49284561,38,2,6,46,0.826086957,0.130434783,0.043478261,-0.082951267,52
82,"From 1968 on, what group used the so-called Southern strategy?",The Republican Party,45.41463415,46.80487805,36.80487805,29.55247503,28.92163508,30.47147807,31,1,9,42,0.738095238,0.214285714,0.023809524,-1.04556311,62
84,Gamophobia is the fear of what?,Marriage,74.87878788,64.90909091,48.27272727,26.74854853,31.59743229,38.13403395,26,4,3,33,0.787878788,0.090909091,0.121212121,-2.038679597,31
87,Har Gobind Khorana won the 1968 Nobel Prize for Medicine for research into what?,Genetics,51.2195122,59.19512195,47.2195122,33.78795066,30.58367172,35.44750499,36,3,3,42,0.857142857,0.071428571,0.071428571,0.454590576,80
88,Harry Truman was the first U.S. president of what religious persuasion? ,Southern Baptist,61.38095238,48.95238095,22.21428571,32.67276958,31.31504149,24.95609385,23,14,6,43,0.534883721,0.139534884,0.325581395,0.059607072,72
89,HO scale is the world's most popular size of what?,Model train set,56.68571429,56.22857143,32.74285714,31.4107245,36.1329943,33.34167403,27,1,7,35,0.771428571,0.2,0.028571429,-0.387393868,50
108,Ida May Fuller was the first U.S. citizen to receive a check for what?,Social Security,59.275,62.025,44.3,30.56475891,29.85304821,34.0784916,34,2,4,40,0.85,0.1,0.05,-0.687024537,70
110,In 1568 the Catholic Church sentenced the entire population of which nation to death as heretics?,The Netherlands,64.89795918,57.73469388,61.67346939,34.4675239,30.2336564,34.18112768,42,3,4,49,0.857142857,0.081632653,0.06122449,0.695287111,97
113,"In 1802, John Beckley became the librarian of what collection containing 740 books at the time?",Library of Congress,59.25581395,66.09302326,42.1627907,32.18776241,26.06750756,32.63136837,40,0,4,44,0.909090909,0.090909091,0,-0.11217654,95
114,"In 1849, Walter Hunt received a patent for turning a single piece of wire into what?",A paper clip,65.64864865,68.48648649,42.45945946,34.089927,28.64206466,33.09380153,31,2,4,38,0.815789474,0.105263158,0.052631579,0.561546905,84
115,"In 1893, who became the first woman ever to appear on a U.S. postage stamp?",Queen Isabella I ,65.24137931,53.27586207,46.5862069,28.86626203,28.08011059,33.30756804,20,6,4,30,0.666666667,0.133333333,0.2,-1.288611365,75
117,"in 1908, New York City passed the Sullivan Ordinance which made it illegal for women to do what in public?",Smoke,70.90909091,62.18181818,54.54545455,34.91705666,34.0971749,36.45861275,36,5,3,44,0.818181818,0.068181818,0.113636364,0.854506117,106
118,"In 1917, which Joseph endowed an annual literary prize?",Pulitzer,44,62.05128205,38.20512821,34.35725619,32.63510277,34.46140441,30,2,8,40,0.75,0.2,0.05,0.656231633,55
119,"In 1934, five years before his retirement, who became the first athlete to appear on a Wheaties box? ",Lou Gehrig,64.83333333,61.08333333,36.94444444,34.12874783,33.03277593,33.31747242,25,5,6,36,0.694444444,0.166666667,0.138888889,0.575296768,101
122,"In 1964, who founded Blue Ribbon Sports, which later went on to become Nike?",Phil Knight,47.53125,37.25,27.28125,33.54917852,32.80833883,31.00908751,25,2,4,32,0.78125,0.125,0.0625,0.370020401,76
125,"In 1989, what 59-year-old became People's Sexiest Man Alive ever?",Sean Connery,47.97777778,58.04444444,23.57777778,33.44567433,34.20988398,29.42439378,31,3,11,45,0.688888889,0.244444444,0.066666667,0.333360484,65
126,"In 1991, who finally broke Bob Beamon's decades-old long jump record?",Mike Powell,27.925,35.875,18.625,30.15123206,28.50477918,24.71549654,34,4,2,40,0.85,0.05,0.1,-0.83349069,69
130,"In 2005, Bhutan became the first country to entirely ban what?",Tobacco,67.92307692,64.28205128,53.97435897,27.99002136,23.72423668,29.9055418,34,2,4,40,0.85,0.1,0.05,-1.5989651,62
133,"In ancient Egypt, what was the penalty for killing a cat?",Death,65.85714286,62.24489796,44.95918367,31.79884694,34.71102767,36.69012082,32,5,12,50,0.64,0.24,0.1,-0.249925644,57
135,"In Britain, what kind of meat comes in rashers?",Bacon,51.10869565,65.10869565,38.13043478,35.03853641,30.37998483,33.93366647,32,3,10,47,0.680851064,0.212765957,0.063829787,0.89753276,47
138,"With its 240 mph hunting dive, what species of raptor is the fastest animal on earth?",Peregrine falcon,64.04081633,65.75510204,54.18367347,29.63947198,28.75799209,30.10099214,32,6,11,50,0.64,0.22,0.12,-1.014749854,85
149,In what city could you see the Seagull Monument at Temple Square?,Salt Lake City,49.19047619,48.16666667,37.30952381,31.74305232,32.5201001,33.02215671,36,3,4,43,0.837209302,0.093023256,0.069767442,-0.269687416,65
152,"In what country did the domesticated ""potbellied pig"" originate?",Vietnam,58.76315789,68.52631579,45.97368421,33.40046464,26.94813521,34.58908345,27,5,6,39,0.692307692,0.153846154,0.128205128,0.317347766,64
153,In what country was the largest rough diamond ever discovered?,South Africa,61.32,64.74,45.06,32.24234761,29.520529,33.03641158,32,9,9,50,0.64,0.18,0.18,-0.092843127,62
154,"In what country would you find the port of Rosetta, of Rosetta Stone fame?  ",Egypt,60.15384615,57.74358974,49.76923077,33.61197974,31.98331633,32.98840429,27,6,7,40,0.675,0.175,0.15,0.392263828,76
156,"In what fictional midwestern city did Sinclair Lewis set ""Babbitt"" and ""Arrowsmith""? ",Zenith,37.79487179,40.46153846,33.30769231,29.49859897,29.49473294,32.21323187,35,0,5,40,0.875,0.125,0,-1.064645351,85
158,"In what layer of the Earth's atmosphere is Antarctica's famed ""ozone hole""? ",Stratosphere,57.86842105,64.65789474,43.13157895,28.78735745,24.76077578,30.3708351,26,8,5,39,0.666666667,0.128205128,0.205128205,-1.316558405,76
160,"In what nation did the woven-yarn craft of ""God's eyes"" originate? ",Mexico ,55.92682927,52.17073171,41.04878049,34.73067106,32.61663873,34.60632256,37,0,4,41,0.902439024,0.097560976,0,0.788490616,67
162,In what organ of the body would you find the islets of Langerhans and the duct of Wirsung? ,Pancreas,51.12,52.72,36.92,33.44239031,34.94078957,30.03932117,38,3,8,50,0.76,0.16,0.06,0.332197323,91
163,In what sport are the Beaters in charge of batting away the Bludgers? ,Quidditch,40.9047619,43.02380952,30.47619048,35.07400505,33.10698703,31.07209406,28,5,10,44,0.636363636,0.227272727,0.113636364,0.910095319,70
168,In which city was Bob Crane killed?,"Scottsdale, Arizona ",43.47916667,44.45833333,28.85416667,32.68937597,30.55233273,30.21834696,41,3,4,48,0.854166667,0.083333333,0.0625,0.065488852,35
171,In which country is it most common for divers to be attacked by sharks?,United States,68.6969697,62,58.39393939,26.85084362,29.4300017,30.69501119,18,7,8,33,0.545454545,0.242424242,0.212121212,-2.002447928,71
172,In which country was tennis star John McEnroe born?,West Germany ,37.01851852,47.75925926,30.64814815,33.26650009,33.6726389,31.61391944,36,6,13,55,0.654545455,0.236363636,0.109090909,0.269899158,51
173,In which country were the Hanging Gardens of Babylon located?,Iraq,56.92105263,60.81578947,42.89473684,32.72769022,29.74109475,28.73625591,16,13,9,38,0.421052632,0.236842105,0.342105263,0.07905929,61
177,In which country would you find the mouth of the Salween River?,Myanmar,43.78571429,47.92857143,33.61904762,30.87625634,27.38469651,28.57079558,38,1,3,42,0.904761905,0.071428571,0.023809524,-0.576695955,63
180,James Bay forms the southern end of what larger bay?,Hudson Bay,41.21052632,53.89473684,34.23684211,31.73637856,29.67735462,31.32776526,33,4,3,40,0.825,0.075,0.1,-0.27205118,52
181,"James Bond works for M, but what single initial is used for the real-life director of Britain's MI6?",C,57.225,54.25,38.975,33.45604656,34.38153201,33.96641441,32,5,5,42,0.761904762,0.119047619,0.119047619,0.337034201,100
183,Lobster blood is what color?,Blue,66,66.19047619,48.9047619,30.26790943,30.80484448,32.10866422,28,6,11,46,0.608695652,0.239130435,0.130434783,-0.792164992,28
185,Mohammed Khatami is both a former national librarian and a former president of what nation?,Iran,50.18518519,48.92592593,28.77777778,34.99707485,29.55446003,28.65781639,47,2,5,54,0.87037037,0.092592593,0.037037037,0.882847582,91
187,Ninety percent of the world's true cinnamon comes from what island nation? ,Sri Lanka,65.95,59.575,46.15,31.95906837,31.88592447,35.99184381,29,7,5,41,0.707317073,0.12195122,0.170731707,-0.193177171,75
192,"Of the world's seven most populous islands, what's the only one not in Asia? ",Great Britain,67.47619048,67.14285714,38.5,26.3227974,27.29207106,33.57209207,30,8,6,44,0.681818182,0.136363636,0.181818182,-2.189475441,77
200,On what namesake Asian island are the first Homo erectus fossils found? ,Java,54.02272727,46.45454545,41,34.84483121,31.50891682,33.34038685,35,9,3,48,0.729166667,0.0625,0.1875,0.828924746,72
204,Pablo Picasso was one of the suspects questioned when what item was stolen in Paris in 1911? ,The Mona Lisa,76.25581395,78.02325581,60.06976744,29.91901213,27.61942758,33.45672069,28,8,8,44,0.636363636,0.181818182,0.181818182,-0.915740151,93
207,Pet parrots can eat most human foods except chocolate and which pitted food?  ,Avocado,58.63043478,64.76086957,45.13043478,31.04001625,30.6964962,35.64803794,32,5,9,46,0.695652174,0.195652174,0.108695652,-0.518694197,78
208,"Pink Floyd's ""Chapter 24"" was inspired by what literary work?",The I Ching,61.0952381,51.38095238,35.71428571,33.01574608,30.10951748,31.36666377,34,4,4,42,0.80952381,0.095238095,0.095238095,0.181085153,61
212,Robert Hooke coined what scientific term after looking at a piece of cork under a microscope?,Cell,57.70731707,71.82926829,51.04878049,34.2711569,24.97789266,33.50593322,31,6,6,44,0.704545455,0.136363636,0.136363636,0.625736318,93
217,Shirley Temple Black was the U.S. ambassador to what nation at the time of its 1989 revolution?,Czechoslovakia,58.36363636,61.52272727,46.40909091,33.34114778,31.64445551,35.6887828,30,7,7,44,0.681818182,0.159090909,0.159090909,0.296338458,95
218,"Since retiring from service, where is the QE2 docked on a permanent basis?",Dubai,45.28888889,48.31111111,35.13333333,31.24872523,30.93087765,32.85131795,35,6,4,45,0.777777778,0.088888889,0.133333333,-0.444772029,74
219,"Sodium azide, a highly toxic chemical, is best-known for being used to develop what lifesaving devices?",Air bags,62.6122449,62.97959184,49.63265306,33.33030173,30.49418647,35.41932963,44,2,3,49,0.897959184,0.06122449,0.040816327,0.292496921,103
220,Songbird is a book about what jazz singer's remarkable posthumous career? ,Eva Cassidy ,55.27027027,43.56756757,29.64864865,32.2090814,27.72938728,26.82786302,23,10,5,38,0.605263158,0.131578947,0.263157895,-0.104625612,74
221,"Starfish belong to what animal phylum, whose name means ""spiny skin""? ",Echinoderms,53.0952381,57.69047619,31.85714286,30.0964381,31.89578158,30.64077582,29,7,6,42,0.69047619,0.142857143,0.166666667,-0.85289804,70
223,"Student protests in which capital city inspired John Lennon's song  ""Revolution""? ",Paris,52.55102041,50.48979592,39.7755102,31.51260411,32.42177923,29.90141113,38,7,3,49,0.775510204,0.06122449,0.142857143,-0.351309355,82
225,Tasseomancy is a method of fortune telling that primarily uses what? ,Tea leaves,55.68421053,60.92105263,43.31578947,32.77697384,29.22270644,33.75116035,30,5,5,40,0.75,0.125,0.125,0.096514947,69
227,"The ""Mohorovicic discontinuity"" divides what two outer layers of the earth?",The crust and the mantle,53.51219512,55.63414634,41.65853659,35.23430285,33.64279722,29.15785465,33,5,4,42,0.785714286,0.095238095,0.119047619,0.96687084,75
230,The adjective callipygian refers to someone who has a beautiful what? ,Butt,56.07317073,62.7804878,51.26829268,33.7663962,29.84335118,29.93996025,27,4,10,41,0.658536585,0.243902439,0.097560976,0.446956249,70
231,The Admiral is which type of insect? ,Butterfly,54.82222222,59.68888889,44.71111111,29.7728437,30.01122686,28.31047206,38,2,4,45,0.844444444,0.088888889,0.044444444,-0.967511221,37
232,The air expelled from what can travel at 100 mph?,A sneeze,62.65789474,71.02631579,43.52631579,31.47910188,27.44181741,33.37075661,28,3,7,38,0.736842105,0.184210526,0.078947368,-0.363175436,49
233,The apgar score is used to measure the color and condition of what? ,Newborns ,62.71052632,65.55263158,43.94736842,28.37195789,28.59001656,29.9927445,24,7,8,39,0.615384615,0.205128205,0.179487179,-1.463687851,68
234,The Arc de Triomphe was originally built to commemorate France's triomphe in what 1805 battle? ,Austerlitz,46.37735849,47.96226415,35.79245283,31.44178162,33.57079905,32.33678454,39,6,8,53,0.735849057,0.150943396,0.113207547,-0.376393815,95
237,"The average male spends 2,965 hours doing what over the course of his lifetime?",Shaving,70.74285714,58.42857143,24.88571429,32.14612122,32.3130694,27.62327602,28,5,4,37,0.756756757,0.108108108,0.135135135,-0.126925341,79
238,"The BBC once banned the Beatles' ""Come Together"" for ""advertising"" what product in the lyrics?",Coca-Cola,74.67647059,61.20588235,55.35294118,31.5342244,32.19615958,33.40466521,19,9,8,36,0.527777778,0.222222222,0.25,-0.343651713,94
241,The borders of which Canadian provice form a rectangle?,Saskatchewan,43.04545455,50.63636364,31.90909091,32.93683493,31.08958616,28.60542978,35,6,4,45,0.777777778,0.088888889,0.133333333,0.153135789,55
246,The Egyptian plover is a bird best known for its symbiotic relationship with what host animal?,The crocodile,59.13333333,62.93333333,50.26666667,33.19679612,32.11513379,35.44804136,34,4,7,46,0.739130435,0.152173913,0.086956522,0.245210866,94
247,The electric eel is native only to what continent?,South America,58.28888889,62.91111111,44.24444444,31.29596418,25.39758598,33.59867121,33,5,9,47,0.70212766,0.191489362,0.106382979,-0.42804057,50
252,The first name of the inventor of the Dewey Decimal System was what famous author's last name?,Melville,52.67391304,47.32608696,35.58695652,29.57705894,28.13937877,32.23150707,30,10,8,48,0.625,0.166666667,0.208333333,-1.036855791,94
254,The first swear word on the big screen was in what movie?,Gone with the Wind,64.16216216,66.59459459,39.94594595,34.32646656,28.35240482,32.69806819,31,1,7,39,0.794871795,0.179487179,0.025641026,0.645326323,57
255,The former penal colony of Devil's Island is located off the coast of what country?,French Guiana,49.55263158,48.07894737,29.44736842,33.2433268,29.70793104,29.25535051,30,3,6,39,0.769230769,0.153846154,0.076923077,0.261691463,83
260,The Italian government regulates the price of what beverage?,Espresso,71.82758621,78.55172414,65.89655172,28.1438511,22.52868997,38.54250421,21,3,4,29,0.724137931,0.137931034,0.103448276,-1.544480486,60
261,"The Khmer words for ""city temple"" give what building its name?  ",Angkor Wat ,53.10810811,47.48648649,44.35135135,31.02040886,33.63333467,34.34725949,28,2,7,37,0.756756757,0.189189189,0.054054054,-0.525638895,64
268,The only vegetable ice cream ever produced was what flavor? ,Ketchup,70.85714286,54.52380952,50.45238095,29.59117488,30.56798748,33.56697156,32,3,8,43,0.744186047,0.186046512,0.069767442,-1.031856098,60
269,The Patsy Award is an acting award given for what?,Animal acting,47.11904762,55.66666667,38.5952381,35.282278,34.82896654,32.55543829,33,4,6,43,0.76744186,0.139534884,0.093023256,0.983863049,50
270,"The pinna is the outer, visible part of what?",Ear ,62.36956522,62,40.34782609,30.74870093,30.022214,32.86552898,36,3,6,46,0.782608696,0.130434783,0.065217391,-0.621874523,45
272,The risk of heart attack is highest on which day of the week?,Monday,76,76.78947368,63.68421053,24.45624886,22.73128324,31.86551577,29,2,7,38,0.763157895,0.184210526,0.052631579,-2.850584117,61
276,"The title of the song ""Kumbaya"" is actually a distortion of what three-word phrase?",Come by her,63.6,55.68888889,45.73333333,33.23429226,31.19281839,37.36880079,33,4,8,45,0.733333333,0.177777778,0.088888889,0.258491538,83
280,The United States' first law school for woman was named for what cross-dressing Shakespearean character?,Portia ,54.78947368,43.21052632,34.73684211,33.39943186,30.53855153,34.09262757,32,5,2,39,0.820512821,0.051282051,0.128205128,0.316981966,104
285,"The world's first ""sister cities"" were what Spanish city and its midwestern namesake?",Toledo,56.54545455,53.84090909,35.11363636,34.83479585,33.54340692,35.58757028,35,5,4,44,0.795454545,0.090909091,0.113636364,0.825370345,85
286,"The world's largest church is Our Lady of Peace Basilica in Yamoussoukro, what nation's capital?",Ivory Coast's ,52.76666667,57.73333333,41.83333333,31.78123859,31.28614691,31.08285183,22,4,4,31,0.709677419,0.129032258,0.129032258,-0.256162305,96
288,"The world's smallest park, measuring two feet in diameter, is located in what U.S. state? ",Oregon ,69.82051282,60.69230769,60.05128205,29.49832448,28.92199477,35.04504524,36,1,2,39,0.923076923,0.051282051,0.025641026,-1.064742574,90
289,"Thimpu, the capital of Bhutan, is known for being the only world capital without any what?",Traffic lights,66.72972973,55.67567568,35.48648649,31.61456121,32.45514345,32.77924616,32,2,3,37,0.864864865,0.081081081,0.054054054,-0.315197396,90
292,"Though the rest of him lies in Westminster Abbey, what writer's heart is buried near his native Dorchester?",Thomas Hardy,68,55.70731707,46.41463415,33.84375866,29.71047282,33.09983052,32,3,6,41,0.780487805,0.146341463,0.073170732,0.474357086,107
293,"Three quarters of the cadmium mined annually is used, with nickel, to make what household items?",Rechargeable batteries,62.07317073,62.31707317,51.63414634,31.88682349,28.11533303,31.2991662,31,3,7,41,0.756097561,0.170731707,0.073170732,-0.218765426,96
296,"Two of the ""four humors"" the ancients believed controlled temperament consist of what bodily fluid?",Bile,64.45,53.45,46.625,31.64381092,31.30654884,35.48180285,30,4,6,40,0.75,0.15,0.1,-0.304837508,99
298,"Until 1790, what was known as Jenkins Hill? ",Capitol Hill,53.62790698,58.6744186,37.69767442,30.95697725,26.51838619,30.18556489,42,0,3,45,0.933333333,0.066666667,0,-0.548105594,44
306,What 1980 film is named for the legendary square-shaped capital of Kublai Khan? ,Xanadu ,58.20930233,52.13953488,33.90697674,35.15716965,33.38204635,31.03823598,34,6,3,43,0.790697674,0.069767442,0.139534884,0.939551204,80
307,What 1982 successor to the VIC-20 is still the bestselling computer model of all time?,The Commodore 64 ,50.16666667,56.69444444,30.77777778,34.92890739,32.6958446,30.06479775,25,4,7,36,0.694444444,0.194444444,0.111111111,0.858703501,86
308,"What 1990's movie was filmed on a budget of $60,000 but grossed over $100 million? ",The Blair Witch Project,73.34090909,61.31818182,38.38636364,26.17556395,32.4630543,30.7277739,26,8,11,45,0.577777778,0.244444444,0.177777778,-2.241623731,83
309,"What 1990s one-hit wonder wrote Christina Aguilera's hit ""Beautiful""? ",Linda Perry ,49.91304348,39.89130435,30.45652174,33.78548412,26.83383292,29.7938894,37,5,5,48,0.770833333,0.104166667,0.104166667,0.453716958,70
310,What 1993 film's title character has the first name Euphegenia? ,Mrs. Doubtfire's ,43.15555556,62.8,25.15555556,34.47525829,31.98906063,28.94426898,39,3,3,46,0.847826087,0.065217391,0.065217391,0.698026537,64
312,"What 20th-century conflict was dubbed the ""forgotten war"" despite over 50,000 U.S. deaths?",The Korean War,62.12765957,65.44680851,52.17021277,32.80483595,30.5000417,35.88466982,23,13,11,47,0.489361702,0.234042553,0.276595745,0.106383365,90
313,What actor campaigned against helmet laws until he was almost killed in a helmetless 1988 motorcycle accident?,Gary Busey,52.79411765,56.79411765,31.14705882,35.32084921,34.61894683,32.97945398,23,4,7,34,0.676470588,0.205882353,0.117647059,0.9975245,110
315,What African capital city is named after a U.S. president? ,Monrovia,55.51219512,58.51219512,41.95121951,33.5403652,31.9516212,31.27455133,31,3,8,42,0.738095238,0.19047619,0.071428571,0.366898832,59
317,What album spent a record 741 weeks on Billboard's Top 200 Albums chart? ,Dark Side of the Moon,73,70.22,44.64,30.46242249,27.18815018,35.01239431,40,5,7,52,0.769230769,0.134615385,0.096153846,-0.723270847,73
319,What animal can live up to a week without its head?,Cockroach,74.25,56.6,35.6,29.46075181,31.43230414,34.18111639,25,6,10,42,0.595238095,0.238095238,0.142857143,-1.078050353,51
321,"What animal is thought to be immune to most all diseases, including cancer? ",Shark,75.80487805,75.90243902,65.29268293,31.4008117,27.14664333,34.00826657,31,2,8,41,0.756097561,0.195121951,0.048780488,-0.390904858,76
323,"What animal, which eighteenth century settlers called a ""native bear"" has two opposable thumbs on each hand?",Koala,63.45833333,72.89583333,48.72916667,30.33778511,22.15346818,33.03237585,36,5,8,49,0.734693878,0.163265306,0.102040816,-0.76741588,108
324,What animal's excrements are consumed as luxury food? ,Bats,68.88372093,44.25581395,42.8372093,31.04544235,32.24245428,38.34860787,29,5,9,44,0.659090909,0.204545455,0.113636364,-0.516772339,54
329,What are infant marsupials called?  ,Joeys,61.61538462,66.64102564,41.71794872,30.15976353,27.24690922,28.95363691,24,8,7,39,0.615384615,0.179487179,0.205128205,-0.83046895,36
331,What are Quivira and Cibola?  ,Two of the seven cities of gold,52.11627907,55.69767442,52.20930233,33.63049162,34.03537018,35.50221867,36,3,4,43,0.837209302,0.093023256,0.069767442,0.39882051,30
332,What are the bumps on the tongue that carry the taste buds called? ,Papillae,62.7826087,64.2826087,41.69565217,31.79861146,28.90571881,34.48598399,22,17,7,47,0.468085106,0.14893617,0.361702128,-0.250009048,67
334,What are trammels and seines? ,Fishing nets ,48.25581395,55.20930233,33.23255814,32.63148715,32.43275691,31.89255564,37,2,3,43,0.860465116,0.069767442,0.046511628,0.044985339,30
335,"What are you trying to remember if you use the mnemonic ""HOMES""?  ",The names of the Great Lakes ,54,61.36842105,32.18421053,34.68234226,31.04784543,31.16118103,31,3,4,40,0.775,0.1,0.075,0.771373147,66
337,What artillery weapon was launched upon the world in 400 B.C.?  ,Catapult ,69.77083333,68.02083333,43.6875,31.73711136,32.44208561,35.6168477,33,5,10,48,0.6875,0.208333333,0.104166667,-0.271791631,64
343,What Australian city's pro basketball team was called the Devils? ,"Hobart, Tasmania",37,41.76744186,18.58139535,31.03531015,32.86685783,21.47782085,37,2,4,43,0.860465116,0.093023256,0.046511628,-0.520361039,66
344,What baseball team plays its home games at Petco Park? ,The San Diego Padres,38.91304348,46.76086957,21.93478261,34.56898166,32.82965108,26.190246,31,4,11,46,0.673913043,0.239130435,0.086956522,0.731222206,55
346,"What bay is Otis Redding serenading in ""(Sittin' on) the Dock of the Bay""? ",San Francisco Bay ,67.72727273,74.75,42.31818182,32.0706804,24.56138489,33.79195771,30,7,7,44,0.681818182,0.159090909,0.159090909,-0.153645556,75
348,What Beatles song lasted the longest on the American charts? ,Hey Jude,66.81081081,66.21621622,37.40540541,31.36331707,30.29863871,31.73366549,26,5,6,37,0.702702703,0.162162162,0.135135135,-0.404184999,61
356,What brand is known as PFK in French-speaking Quebec and Spanish-speaking Puerto Rico?,KFC ,38.15909091,58.86363636,36.72727273,33.80377245,29.82319287,31.11670727,41,0,3,45,0.911111111,0.066666667,0,0.46019446,86
364,"What bulb vegetable is traditionally worn on Saint David's Day, as it's a national symbol of Wales?",The Leek ,59.61904762,52.26190476,39.52380952,30.70230974,31.88627622,30.85152334,32,5,5,42,0.761904762,0.119047619,0.119047619,-0.638305714,99
367,What Canadian singer appeared on the first cover of Entertainment Weekly? ,K.D. Lang,54.09615385,44.40384615,26.01923077,34.87920872,33.8220601,29.57177403,40,1,11,52,0.769230769,0.211538462,0.019230769,0.841100838,74
369,What cartoonist created the bearded guru named Mr. Natural? ,R. Crumb,44.86666667,44.22222222,26.15555556,34.93409379,32.30176528,28.71486434,38,0,6,46,0.826086957,0.130434783,0,0.860540461,60
379,What city's orchestra did Eugene Ormandy conduct for 44 years? ,Philadelphia's ,36.04081633,44.16326531,23.12244898,31.68856207,29.16858108,25.92507847,44,2,3,50,0.88,0.06,0.04,-0.288987197,63
386,What color lipstick did silent movie stars wear?  ,Black,64.1627907,73.48837209,50.6744186,31.0199093,22.60886056,31.69176018,31,4,8,44,0.704545455,0.181818182,0.090909091,-0.525815833,50
389,What common aquarium fish is named for the naturalist who discovered it in Trinidad in 1876? ,The guppy,52.95348837,57.55813953,44.02325581,33.9207434,29.89768451,32.08210328,37,3,3,43,0.860465116,0.069767442,0.069767442,0.501624141,93
391,What common item is usually made up of twelve pentagons and twenty hexagons?,A soccer ball,66.35714286,64.97619048,22.97619048,31.6765832,33.19821336,28.17409993,30,6,7,43,0.697674419,0.162790698,0.139534884,-0.293229965,76
392,What company introduced the first LP record albums?  ,Columbia,63.79069767,65.62790698,36.88372093,33.36133929,28.53487695,31.78889391,33,2,9,44,0.75,0.204545455,0.045454545,0.303490043,53
396,"What could be built by the largest Lego set ever sold, a 5195-piece monstrosity? ",The Millenium Falcon ,68.27659574,67.65957447,46.68085106,32.49461636,32.58052005,38.42163475,38,3,6,47,0.808510638,0.127659574,0.063829787,-0.003492621,81
397,What country borders both of the world's only two nations with square flags? ,Italy ,54.37254902,55.54901961,39.66666667,34.74015589,34.04956019,33.90378543,46,4,3,53,0.867924528,0.056603774,0.075471698,0.791850028,77
398,What country has six sheep for every human? ,Australia,63.375,65.72916667,36.95833333,29.85683927,28.31790621,28.62149046,33,7,9,49,0.673469388,0.183673469,0.142857143,-0.937761019,44
399,"What country is home to Roots, the company that outfits the U.S. Olympic team? ",Canada,44.02083333,50.3125,35.79166667,32.25727006,31.16268653,34.78564043,43,1,5,49,0.87755102,0.102040816,0.020408163,-0.08755778,79
400,"What country launched Europe's first super-high-speed passenger train, in 1981?",France,64.9,60,47.675,30.53522556,30.26379745,32.19761697,27,8,5,40,0.675,0.125,0.2,-0.697484888,79
402,What country's Meiji Restoration began in 1866? ,Japan,38.97777778,55.08888889,29.57777778,31.73791029,30.45102045,31.11816839,33,2,10,45,0.733333333,0.222222222,0.044444444,-0.271508661,48
403,What craylola color became 'midnight blue' in 1985 to remove an out-of-date geographical term? ,Prussian Blue ,71.75555556,64.57777778,50.26666667,32.08451592,31.00988764,33.0140466,35,6,4,45,0.777777778,0.088888889,0.133333333,-0.148745185,95
406,What current branch of the U.S. military was a corps of only 50 soldiers when World War I broke out?,The U.S. Air Force,58.58536585,61.63414634,44.29268293,34.50867689,32.40042908,37.87099411,31,5,5,41,0.756097561,0.12195122,0.12195122,0.709862994,100
407,What desert is home to the Ahaggar and Tibesti Mountains? ,Sahara,49.25,56.35416667,41.35416667,33.57462314,30.5638429,33.06826568,44,1,3,48,0.916666667,0.0625,0.020833333,0.379032577,58
409,What did Coleco name its 1983 home computer in the hope that it would take a bit out of Apple's sales?,Adam,68.33333333,62.45238095,48.69047619,26.63728056,30.96591547,32.98298756,34,7,4,45,0.755555556,0.088888889,0.155555556,-2.078089353,102
412,"What did Ray Tomlinson send in Cambridge, Massachusetts, in late 1971? ",The first email,42.425,67.625,54.65,31.92530344,29.77754058,34.89144337,36,1,3,40,0.9,0.075,0.025,-0.205136296,71
414,What did the letter Q originally stand for in NASDAQ?  ,Quotations ,56.56756757,52.40540541,33.02702703,31.62237301,33.74039737,37.20102036,30,2,5,37,0.810810811,0.135135135,0.054054054,-0.312430554,55
425,"What Dublin, Ohio based company trades under the ticker symbol WEN? ",Wendy's ,35.4,61.86666667,24.53333333,33.68058518,34.49150093,30.85125605,36,3,6,45,0.8,0.133333333,0.066666667,0.416563036,68
428,What element must be burned out of pig iron to make steel? ,Carbon,60.62222222,59.77777778,40.42222222,23.72885555,23.98000008,28.41373619,38,3,4,45,0.844444444,0.088888889,0.066666667,-3.108217932,59
431,What English dynasty collapsed in the Wars of the Roses?  ,The Plantagenets,51,43.30232558,34.76744186,32.88797725,31.06102663,31.07964976,35,2,6,43,0.813953488,0.139534884,0.046511628,0.135830997,58
432,What English word comes from the name of a hot spring in Iceland's Haukadalur valley? ,Geyser,52.35135135,62.7027027,45.08108108,32.40560327,26.38588097,30.62984962,32,4,3,39,0.820512821,0.076923077,0.102564103,-0.03501997,86
433,What EU nation was once led by a president and a prime minister who were identical twins? ,Poland,65.95348837,59.74418605,55.48837209,30.80812624,27.64321412,30.71634596,37,2,4,43,0.860465116,0.093023256,0.046511628,-0.600826804,90
434,What European country is named for the dark-looking Dinaric Alps? ,Montenegro,58.91304348,60.23913043,45.56521739,33.64046907,32.24364522,34.14195996,40,4,3,47,0.85106383,0.063829787,0.085106383,0.402354401,66
435,"What event inspired Herbert Morrison's famous quote ""Oh, the humanity!""?",The Hindenburg explosion,56.3,67.175,49.825,34.85662943,28.27691593,33.39268114,26,6,8,40,0.65,0.2,0.15,0.833103532,72
440,What famed TV personality wrote the screenplay for 1968's Planet of the Apes? ,Rod Serling ,52.12820513,53.61538462,39.46153846,30.817954,31.99803891,31.69911683,32,5,2,39,0.820512821,0.051282051,0.128205128,-0.597345931,78
441,What famous diplomat represented France at the Congress of Vienna in 1814?  ,Talleyrand,36.21875,36.71875,20.6875,34.2982501,30.58381859,28.48705139,28,2,2,33,0.848484848,0.060606061,0.060606061,0.635332398,76
451,What five-letter word did Time magazine coin in 1926 to refer to left-leaners? ,Pinko,65.82857143,59,51.65714286,33.59226602,32.96611451,34.29280739,27,3,6,36,0.75,0.166666667,0.083333333,0.385281468,79
452,"What food, still edible, was found by archaeologists in the tombs of Egyptian pharaohs? ",Honey,71.61702128,72.53191489,58.65957447,27.70618609,26.48367099,31.36757991,34,3,11,48,0.708333333,0.229166667,0.0625,-1.699496083,88
453,"What former president coined the phrase ""lunatic fringe"" to refer to the wackos in his own reform movement?",Theodore Roosevelt ,55.51428571,57.48571429,52.14285714,34.81072471,30.90342778,32.86706098,28,5,2,36,0.777777778,0.055555556,0.138888889,0.816844639,107
455,What founder of PCs Limited went on to become the youngest Fortune 500 CEO in history?,Michael Dell,63.64102564,68.05128205,45.07692308,35.2139978,28.37896619,33.02422127,29,4,7,40,0.725,0.175,0.1,0.959679039,86
457,"What future radio star had a number one hit with his novelty number ""Disco Duck""?  ",Rick Dees,49.62222222,46.22222222,29.2,34.73686075,31.04607199,29.36649297,37,5,3,46,0.804347826,0.065217391,0.108695652,0.79068293,83
458,What future secretary of state became America's first five-star general in December 1944? ,George Marshall,57.93023256,55.90697674,43.11627907,30.59675936,31.57893659,32.8598824,31,3,10,44,0.704545455,0.227272727,0.068181818,-0.675690369,90
461,What game was created by French mathematician Blaise Pascal when he was experimenting with perpetual motion? ,Roulette,66.7826087,67.54347826,60.56521739,24.37112412,26.62388779,29.91146356,35,7,4,46,0.760869565,0.086956522,0.152173913,-2.880734258,109
464,"What grape, used to make a popular California wine, is called Primitivo in Europe?  ",Zinfindel,51.3255814,57.72093023,46.48837209,30.85736844,31.20922146,32.74313603,35,3,5,43,0.813953488,0.11627907,0.069767442,-0.583385818,84
468,What group's honor society is the Order of the Arrow? ,The Boy Scouts of America,45.43902439,57.3902439,35.80487805,30.65211965,29.60648413,32.66130701,33,2,6,41,0.804878049,0.146341463,0.048780488,-0.65608243,54
470,"What had Adams, Nrris, Patrick and Smythe divisions prior to 1993? ",The NHL ,38.25531915,50.78723404,24.04255319,33.79250501,33.77478875,28.35946085,41,2,3,47,0.872340426,0.063829787,0.042553191,0.456203672,67
471,What Hall of Famer played his entire major-league career for the Minnesota Twins? ,Kirby Puckett ,38.51724138,48.01724138,22.36206897,35.13694581,36.05429209,28.64770789,45,3,10,58,0.775862069,0.172413793,0.051724138,0.932388165,82
472,What happens 92 times in a row at the beginning of Tom Stoppard's play Rosencrantz and Guildenstern are Dead?,Flipped coin comes up heads,49.94871795,56.84615385,34.33333333,34.60525418,28.3850762,31.71694992,34,3,3,40,0.85,0.075,0.075,0.74406949,109
473,What city's harbor is overlooked by Victoria Peak? ,Hong Kong ,51.42592593,58.37037037,34.90740741,34.30748961,27.75043518,31.65871576,43,4,8,55,0.781818182,0.145454545,0.072727273,0.638604921,51
481,What Indianapolis grocer made his name by selling canned pork and beans to U.S. troops during the Civil War?,Gilbert Van Camp ,61.84444444,57.88888889,37.68888889,32.93654751,33.40265519,30.29538085,27,9,9,45,0.6,0.2,0.2,0.153033988,108
482,What industry uses 20% of China's harvested plants?  ,Medicine,62.97560976,63.04878049,55.41463415,29.48006768,28.22051667,30.76034428,31,2,9,42,0.738095238,0.214285714,0.047619048,-1.07120891,53
484,What instrument was invented to sound like a human singing? ,Violin,71.09302326,69.65116279,48.60465116,29.8964992,30.35808806,32.12115423,32,5,6,43,0.744186047,0.139534884,0.11627907,-0.923713956,60
485,What Internet portal was sued for copyright infringement in 2000 by the star of Young Einstein? ,Yahoo!,55.56097561,59.82926829,49.51219512,33.81866998,29.272771,36.34495973,33,4,4,41,0.804878049,0.097560976,0.097560976,0.465470983,96
486,"What invention should make Ts'ai Lun, a second-century inventor, a household name? ",Paper,68.8,66.45714286,57.11428571,29.70323809,27.13402775,33.70265431,32,2,2,36,0.888888889,0.055555556,0.055555556,-0.992164679,83
488,"What invisible ""color"" can bees see on flower petals?  ",Bee purple ,75.12820513,66.33333333,64.17948718,27.24661204,29.67839311,31.04230712,29,6,4,40,0.725,0.1,0.15,-1.862271591,55
492,What is a female donkey called?,A jenny ,73.67647059,77.91176471,40.55882353,25.90275589,22.96818306,32.28302038,21,9,4,34,0.617647059,0.117647059,0.264705882,-2.338249009,31
495,"What is absent in ""negative"" blood types like O negative and AB negative? ",Rhesus antigens (Rh or RhD),57.85365854,56.36585366,42,34.31075704,28.3238028,32.63740186,24,8,10,42,0.571428571,0.238095238,0.19047619,0.639762205,74
496,What is an adit?  ,A mine shaft passage,62.69230769,59.64102564,32.84615385,31.69023911,31.37253843,28.21117589,34,2,4,40,0.85,0.1,0.05,-0.288393208,18
505,What is measured in millibars? ,Pressure,59.22727273,58.65909091,31.52272727,31.1521873,30.40956335,30.35869948,29,6,10,45,0.644444444,0.222222222,0.133333333,-0.478964581,31
510,"What is the common term for the sports ailment ""lateral humeral epicondylitis""? ",Tennis elbow ,43.44186047,54.97674419,28.74418605,33.03987657,33.01622139,29.65362985,32,6,8,47,0.680851064,0.170212766,0.127659574,0.189631881,80
511,What is the deepest point of the Mariana Trench?,Challenger Deep ,53.06818182,44.59090909,37.63636364,33.41799942,32.39029296,33.04056063,36,4,4,44,0.818181818,0.090909091,0.090909091,0.323558368,48
513,What is the largest creature without a backbone? ,Giant squid,73.84444444,74.84444444,50.15555556,28.32919756,28.7085318,33.48334427,33,4,8,45,0.733333333,0.177777778,0.088888889,-1.478833036,49
514,What is the largest flower in the world? ,Rafflesia (corpse lily) ,74.38461538,66.17948718,57.84615385,24.47621336,29.86625608,31.98316865,30,3,6,39,0.769230769,0.153846154,0.076923077,-2.843512936,41
518,What is the lightest of the three kinds of fencing swords? ,The Foil,36.57142857,42.5,31.14285714,31.02016878,31.17632779,27.14511269,32,3,7,42,0.761904762,0.166666667,0.071428571,-0.525723928,59
521,What is the most sober school according to The Princeton Review? ,Brigham Young University,65.7173913,60.97826087,32.7173913,33.0935798,31.7360567,32.92662755,36,4,6,46,0.782608696,0.130434783,0.086956522,0.208652907,65
522,What is the name given to a young swan? ,Cygnet ,53.12765957,57.17021277,37.44680851,32.29054042,31.91246121,37.16637594,30,9,8,48,0.625,0.166666667,0.1875,-0.075773823,40
526,What is the name of the ship that carried Captain Cook to Australia?  ,Endeavour ,64.11111111,60.31111111,53.22222222,29.38476895,24.72836265,26.67130641,28,10,6,45,0.622222222,0.133333333,0.222222222,-1.104962553,70
527,What is the national tree of Jamaica? ,The Blue Mahoe ,55.80952381,49.88095238,36.23809524,30.59590128,28.04021709,32.67788804,33,5,4,42,0.785714286,0.095238095,0.119047619,-0.675994288,38
534,What is the only English word with three consecutive double letters?  ,Bookkeeper,86.18181818,78.54545455,36.63636364,21.48365818,27.19563452,29.71734355,37,4,4,45,0.822222222,0.088888889,0.088888889,-3.903439394,70
539,What is the only part of the body that can't repair itself? ,Tooth,73.63888889,70.69444444,43.25,28.42247881,22.55383331,35.34432668,25,3,9,37,0.675675676,0.243243243,0.081081081,-1.445793958,60
540,What is the only part of the body that has no blood supply? ,Cornea,80.23255814,77.11627907,65.20930233,25.24908033,22.34812158,29.41700038,27,6,10,43,0.627906977,0.23255814,0.139534884,-2.569772902,60
541,What is the only type of animal besides a human that can get a sunburn?,Pig,76.21428571,75.11904762,50.9047619,21.4561785,22.45342321,34.02281123,29,5,7,42,0.69047619,0.166666667,0.119047619,-3.91317236,71
545,What is the second oldest continuously held American sporting event?  ,Westminster Kennel Club dog show ,60.70454545,52.38636364,30.04545455,28.5987311,30.30482033,31.27518858,31,9,5,45,0.688888889,0.111111111,0.2,-1.38336755,70
546,What is the smallest country in Africa? ,The Gambia,45.075,44.6,21.15,34.85823855,31.41108738,25.28255708,32,4,4,40,0.8,0.1,0.1,0.833673462,40
552,"What is unusual about the ""in God We Trust"" Motto on the U.S. Mint's recent presidential dollar coins?",It's stamped on the coin's edge.,79.74,64.84,45.08,24.66825606,31.54805858,33.79520555,41,3,6,50,0.82,0.12,0.06,-2.775493757,102
553,What Islamic shrine is today built on Jerusalem's Temple Mount?  ,The Dome of the Rock,49.93181818,53.77272727,39.25,32.7629951,35.79389557,34.33970175,28,7,8,44,0.636363636,0.181818182,0.159090909,0.091563847,65
554,What island in Manila Bay was the site of a famous 1942 siege?  ,Corregidor,51.65957447,48.23404255,35.0212766,31.51692202,27.32510612,31.37327121,37,8,3,48,0.770833333,0.0625,0.166666667,-0.349780003,64
556,What islands are home to most of the world's blue-footed boobies? ,The Galapagos Islands ,65.68292683,67.70731707,54.90243902,27.16839986,24.01275068,28.43835867,34,5,3,42,0.80952381,0.071428571,0.119047619,-1.889973388,66
557,What Italian physician was the first to describe the way the ovaries connect to the uterus in humans?,Gabriele Falloppio ,53.40909091,59.47727273,39.45454545,31.21070045,33.31421139,31.69289741,41,1,3,45,0.911111111,0.066666667,0.022222222,-0.458239941,101
559,"What Japanese word for ""wave person"" refers to a masterless samurai?  ",Ronin,59.44444444,53.97222222,46.41666667,32.68240632,32.31141869,35.77738711,27,2,7,37,0.72972973,0.189189189,0.054054054,0.063020285,70
562,"What kind of ""oven"" is the official state cooking pot of Utah? ",Dutch Oven,52,53.2,33.77142857,31.47548065,31.3150969,31.82034654,25,3,7,35,0.714285714,0.2,0.085714286,-0.364458029,63
564,What kind of animal attacked Jimmy Carter during an April 1979 fishing trip?   ,Rabbit,59.10526316,61.57894737,43.57894737,34.52205678,30.56639347,36.79940627,26,6,6,38,0.684210526,0.157894737,0.157894737,0.714601987,79
566,"What kind of animal is referenced in the title of Lynne Truss's punctuation guide ""Eats, Shoots & Leaves""?",Panda,43.04166667,60.72916667,35.6875,32.84454573,31.99384222,36.56597433,34,4,10,48,0.708333333,0.208333333,0.083333333,0.120448085,106
568,What kind of bean produces the Asian-style bean sprouts in the produce section of supermarkets? ,Mung beans ,59.58333333,53.11111111,38.05555556,32.76354682,32.18498122,30.97274788,25,4,7,36,0.694444444,0.194444444,0.111111111,0.091759259,96
569,"What kind of enormous, cool star will our own sun become in five billion years? ",A red giant ,62.4047619,70.88095238,55.19047619,33.02774851,28.53940569,37.79291332,28,5,10,43,0.651162791,0.23255814,0.11627907,0.18533627,80
571,"What kind of information resource takes its name from a Hawaiian word for ""quick""? ",A wiki,60.92307692,71.43589744,50.33333333,31.57729415,23.9734446,31.22948449,32,3,4,39,0.820512821,0.102564103,0.076923077,-0.328396932,83
578,"What Latin American dictator was called ""Carepina""- ""Pineapple Face""- because of his acne scarred complextion?",Manuel Noriega ,56.98039216,43.7254902,34.7254902,28.61432522,28.7005773,28.10699445,37,7,7,51,0.725490196,0.137254902,0.137254902,-1.377844304,110
579,What literary pickpocket's real name is Jack Dawkins?,The Artful Dodger,49.97826087,50.34782609,34.47826087,33.18332187,32.79919876,31.60994157,33,5,8,46,0.717391304,0.173913043,0.108695652,0.24043845,53
581,What Manhattan intersection was America's first traffic circle?,Columbus Circle ,56.55555556,53.51111111,36.68888889,29.35020176,27.32849181,27.13503457,32,6,6,45,0.711111111,0.133333333,0.133333333,-1.11720583,63
582,"What Margate City, NJ, housing area has been misspelled on the Monopoly board for almost 80 years?",Marven (Marvin) Gardens,63.83333333,68.58333333,41.16666667,34.51500709,27.19598185,35.84051977,26,3,7,37,0.702702703,0.189189189,0.081081081,0.712105074,98
584,"What match play event, similar to the Ryder Cup, pits a U.S. team against a non-European international team?",The Presidents Cup,42.44186047,43.79069767,25.06976744,29.43459442,28.66934495,27.66758061,32,2,10,44,0.727272727,0.227272727,0.045454545,-1.087314981,108
585,What metal was found in Nevada's famed Comstock Lode?  ,Silver,61.05555556,64.08333333,45.86111111,31.94096737,34.40961244,33.54327932,27,5,5,37,0.72972973,0.135135135,0.135135135,-0.199588323,55
590,What modern-day conglomerate built the Zero fighter planes used to bomb Pearl Harbor?  ,Mitsubishi ,45.14583333,62.875,41.27083333,35.11803173,34.71992806,34.22810814,31,6,11,48,0.645833333,0.229166667,0.125,0.925689029,87
591,"What molecule is named for the Greek word for ""smell,"" because of the odor associated with lightning storms?",Ozone,59.0952381,62.04761905,48.61904762,31.83709259,31.07343967,29.15304643,32,7,4,45,0.711111111,0.088888889,0.155555556,-0.236379502,108
592,What Monkees number one hit was written by a young Neil Diamond? ,I'm a Believer ,62.48837209,62.95348837,41.88372093,33.34121723,32.20762516,31.7139066,29,6,9,44,0.659090909,0.204545455,0.136363636,0.296363056,65
594,What musical group chose their name deliberately so that they would appear last in alphabetical listings?,ZZ Top,64.56818182,67.06818182,40.52272727,30.92782124,31.79761416,32.47717527,28,7,10,46,0.608695652,0.217391304,0.152173913,-0.558432297,105
595,What name is given to an eagle's nest?   ,Aerie,69.20833333,70.5625,44.52083333,26.32445537,25.87194838,33.07373425,31,10,7,48,0.645833333,0.145833333,0.208333333,-2.188888211,41
596,"What name is shared by the rivers that run through Denison, TX and Hanoi, Vietnam?",Red River,52.14583333,46.77083333,31.97916667,35.03371603,31.94692379,32.43487064,39,3,6,48,0.8125,0.125,0.0625,0.89582544,82
598,What nation borders both Nigeria and Gabon? ,Cameroon,42.61904762,50.66666667,34.0952381,34.19667106,34.8240642,32.46372048,35,4,3,42,0.833333333,0.071428571,0.095238095,0.599354343,44
602,What New York country club lent its name to the kind of dinner jacket first worn there in 1886?  ,Tuxedo Club ,61.26530612,59.16326531,40.53061224,31.80656085,33.68502816,33.25225684,37,8,4,49,0.755102041,0.081632653,0.163265306,-0.247193472,97
603,What NHL team plays its home games in a suburb called Sunrise?,The Florida Panthers,36.69230769,44.53846154,26.38461538,34.83808703,35.14394921,32.80694357,32,0,7,39,0.820512821,0.179487179,0,0.826536039,62
604,"What noisy word comes from the capital of Hell in Milton's ""Paradise Lost""? ",Pandemonium,60.04761905,64.88095238,50.04761905,33.03505336,29.75034526,36.04668543,31,6,6,43,0.720930233,0.139534884,0.139534884,0.187923556,76
607,What onetime NBA Finals MVP was the last owner of the CBA before its 2001 bankruptcy? ,Isiah Thomas,32.51162791,38.48837209,25.58139535,32.25594969,30.62474264,31.64778828,39,1,3,43,0.906976744,0.069767442,0.023255814,-0.088025439,86
612,What Oscar-winning Best Picture is named for a type of rose? ,American Beauty,63.4047619,65.97619048,41.0952381,33.03808558,29.35608808,32.87434282,28,6,8,42,0.666666667,0.19047619,0.142857143,0.188997532,61
615,What Pacific island chain is named for Philp IV's Austrian queen? ,The Marianas,42.88888889,42.04444444,32.6,32.63379608,30.92950603,32.34079889,42,1,3,46,0.913043478,0.065217391,0.02173913,0.045803133,66
618,What part of his body did Keith Richards insure for a million pounds?,"Third finger, left hand ",68.74418605,57.23255814,49.11627907,27.99327557,28.45617952,28.72132881,31,6,8,46,0.673913043,0.173913043,0.130434783,-1.597812496,69
619,What peninsula is located between the Sea of Azov and the Black Sea? ,The Crimea,44.53061224,52.42857143,32.40816327,33.12985942,30.3747428,30.9474813,41,4,4,50,0.82,0.08,0.08,0.221502704,69
620,"What pet bird takes its name from Australian Aborigine words for ""good eating""?",The budgerigar,66.04444444,59,46.6,29.78480054,31.56162803,34.04635877,39,3,3,45,0.866666667,0.066666667,0.066666667,-0.963276254,79
622,"What plant takes its name for the Chinese words for ""man root""? ",Ginseng ,56.52,62.3,45,35.12324656,31.42873377,32.26295026,39,3,8,50,0.78,0.16,0.06,0.927536059,64
623,What plant's roots are used to make tapioca? ,The cassava's ,64.34210526,49.63157895,36.97368421,31.06686452,31.37430611,31.14871638,25,7,7,39,0.641025641,0.179487179,0.179487179,-0.509184868,45
625,"What poker hand are you holding if you have ""two fishhooks""? ",A pair of jacks ,47.95555556,57.57777778,30.66666667,33.95582395,29.95867524,29.26990387,30,5,10,45,0.666666667,0.222222222,0.111111111,0.514049241,61
627,What popular breed of pet rabbit was named for the Asian capital where it was first domesticated? ,Angora,49.71111111,56.57777778,30.64444444,33.97299879,30.25909998,25.33785845,36,6,3,46,0.782608696,0.065217391,0.130434783,0.52013236,98
633,What president was shot while walking to California Governor Jerry Brown's office?  ,Gerald Ford ,62,64.47222222,42.16666667,29.4996368,17.69824222,32.18828536,26,6,5,37,0.702702703,0.135135135,0.162162162,-1.064277765,84
635,What product did Herbert Lapidus invent in 1974 by impregnanting latex rubber with coconut charcoal?,Odor Eaters ,64.91111111,55.02222222,38.64444444,26.73083189,32.30570516,35.27370612,38,2,6,47,0.808510638,0.127659574,0.042553191,-2.044954613,100
641,What reference classic is still named for the defunct New York newspaper that first published it in 1868?,The World Almanac and Book of Facts,50.39534884,60.97674419,35.8372093,32.79019855,32.08507172,32.19651729,33,5,6,44,0.75,0.136363636,0.113636364,0.101198975,105
649,"What road, which names a 2002 film, divides Wayne County from affluent Oakland and Maycomb Counties?",8 Mile Road ,53.37777778,52,32.95555556,31.06246558,27.84780063,27.30797049,37,3,6,46,0.804347826,0.130434783,0.065217391,-0.51074292,100
650,What rubber Wham-O toy inspired the name of one of the world's largest sporting events? ,The Super Bowl ,65.775,66.8,38.55,32.58557767,32.10335872,32.24819613,30,4,7,42,0.714285714,0.166666667,0.095238095,0.028724761,88
653,"What sandwich bread, because of its shape, takes its name from the Italian for ""carpet slipper""? ",Ciabatta,62.07317073,56.09756098,39.85365854,28.21381775,29.15287711,33.6389365,29,5,8,43,0.674418605,0.186046512,0.11627907,-1.519699153,97
654,"What school has the most students over age 25, according to U.S. News & World Report?",University of Phoenix,58.60526316,52.52631579,31.78947368,33.25214033,32.39097042,32.60173921,34,0,4,39,0.871794872,0.102564103,0,0.264813107,85
656,What semolina product is used to make the Moroccan dessert seffa? ,Couscous ,44.18867925,54.05660377,38.98113208,34.4350317,33.82387362,35.80851347,46,3,4,53,0.867924528,0.075471698,0.056603774,0.683778768,66
658,What singer took his stage name from a Dublin hearing aid billboard?  ,Bono ,60.88372093,64.09302326,34.72093023,33.15060102,33.39932559,33.18370626,34,4,5,43,0.790697674,0.11627907,0.093023256,0.228849124,70
661,What slightly hallucinogenic spice did Malcolm X use to get high while in prison? ,Nutmeg,60.26470588,62.11764706,58.5,34.15056575,32.13490947,33.61119042,27,2,5,34,0.794117647,0.147058824,0.058823529,0.583024407,82
662,What slot on the back of an arrow's shaft keeps it on the bowstring? ,The nock,51.85714286,53.78571429,31.19047619,32.38455777,32.55354742,27.4947783,28,6,9,44,0.636363636,0.204545455,0.136363636,-0.042474029,69
664,What snack food is an ingredient in the explosive dynamite?  ,Peanuts ,71.55555556,64.22222222,63.91111111,34.13246625,34.57527288,36.46593817,35,4,6,45,0.777777778,0.133333333,0.088888889,0.576613787,61
671,"What sport used the term ""home run"" long before baseball?  ",Cricket,69.97727273,55.88636364,38.72727273,25.19919585,25.83779088,28.14031589,35,6,3,45,0.777777778,0.066666667,0.133333333,-2.587441375,59
686,What term does rapper B.G. say he wishes he'd patented when he used it for the title of his massive 1999 hit?,Bling bling ,56.06818182,56.15909091,35.38636364,31.82174021,33.11076772,33.7475001,37,1,7,45,0.822222222,0.155555556,0.022222222,-0.241817127,109
693,What transmits the disease typanosomiasis to humans and cattle? ,Tse-tse fly,62.65,57.05,43.775,31.75349769,35.08082243,36.03238394,31,3,6,40,0.775,0.15,0.075,-0.265987794,64
694,"What tuber, also called the sunroot or topinambur, is actually native to North America, not the Middle East?",Jerusalem artichoke ,45.81081081,51.7027027,28.81081081,34.90927753,31.03033002,30.5530848,29,4,4,37,0.783783784,0.108108108,0.108108108,0.851750844,108
697,What animal is combined with a serpent to make the mythical creature the Cockatrice? ,Rooster,62.63414634,53.75609756,47.43902439,33.0671711,31.66842314,32.28858063,33,3,5,42,0.785714286,0.119047619,0.071428571,0.19929927,85
708,What type of stone is referred to as the Star of India?  ,Sapphire,59.60526316,65.78947368,51.07894737,32.71295262,23.41304545,30.57324531,27,3,8,38,0.710526316,0.210526316,0.078947368,0.073839411,57
711,"What Ukrainian city hosted the last World War II summit of the ""Big Three""? ",Yalta,47.42553191,47.12765957,35.82978723,33.84539316,32.48385353,30.29443854,37,6,5,48,0.770833333,0.104166667,0.125,0.474936008,76
714,What unorthodox scientific belief was championed by the Universal Zetetic Society?,A flat Earth,58.71794872,47.61538462,39.20512821,31.98515175,30.51023589,35.23244579,34,3,2,39,0.871794872,0.051282051,0.076923077,-0.183938757,82
715,"What US state advertised ""The Greatest Snow on Earth"" on its license plates? ",Utah,65.45714286,55.4,34.4,32.26940169,30.53175782,31.26847689,26,4,6,36,0.722222222,0.166666667,0.111111111,-0.083260902,77
716,"What vice president referred to his critics as the ""nattering nabobs of negativism""? ",Spiro Agnew ,52.84210526,50.02631579,37.07894737,34.7753612,31.74687628,28.64638233,28,3,8,40,0.7,0.2,0.075,0.804319319,85
720,"What was first marketed with hillbilly-themed advertising, since its name is a euphemism for moonshine?",Mountain Dew,62.28571429,77.34285714,52.97142857,29.14524624,26.92139195,34.49764332,27,3,6,36,0.75,0.166666667,0.083333333,-1.189798571,103
723,What was NFL great Waltor Payton's nickname?,"""Sweetness""",34.975,47.475,21.35,33.54253901,32.81884035,24.03261673,33,2,6,41,0.804878049,0.146341463,0.048780488,0.367668769,44
724,"What was originally sold in 1965 under the name ""Chemgrass""?  ",AstroTurf ,60.92105263,64.71052632,37.52631579,33.91115704,29.94310632,33.97673039,32,4,2,38,0.842105263,0.052631579,0.105263158,0.49822877,62
725,What was put in place by the Ancient Greeks before and during all Olympic festivals? ,A truce ,69.875,60.075,48.675,29.82271334,31.25936783,32.81602759,26,7,7,40,0.65,0.175,0.175,-0.949848006,85
727,What was studied by Project Blue Book?   ,UFOs,61.80434783,70.5,61.13043478,32.15560747,27.90041816,33.67795764,37,2,8,47,0.787234043,0.170212766,0.042553191,-0.123565425,41
728,What was the 11th-century Spanish military leader Rodrigo Diaz de Vivar better known as?  ,El Cid ,56.73684211,48.81578947,40.84210526,34.67975826,28.76639863,32.62856178,30,4,4,38,0.789473684,0.105263158,0.105263158,0.770457925,90
731,What was the first American novel to sell one million copies? ,Uncle Tom's Cabin ,73.10638298,64.68085106,46.68085106,27.35692746,30.84611623,32.51294484,37,6,4,47,0.787234043,0.085106383,0.127659574,-1.823199218,62
734,What was the first English play to be written especially for children? ,Peter Pan ,64.72727273,71.36363636,47.63636364,32.52145169,29.61622034,29.3297935,35,8,3,46,0.760869565,0.065217391,0.173913043,0.006012126,71
738,What was the first rock song ever to feature hidden messages in the form of back-masked vocals?  ,The Beatles' Rain ,68.90243902,70.63414634,55.31707317,30.61519629,26.11681077,31.88999767,28,7,7,42,0.666666667,0.166666667,0.166666667,-0.669160233,97
739,What was the first song ever performed in outer space? ,Happy Birthday,74.79487179,60.69230769,47.02564103,28.43846495,34.69806141,36.87138898,32,5,2,39,0.820512821,0.051282051,0.128205128,-1.440131861,55
745,What was the most expensive drawing ever sold?  ,Danseuse au Repos by Edgar Degas,69.38095238,46,47.85714286,27.79362305,30.84500987,33.37120961,35,2,5,42,0.833333333,0.119047619,0.047619048,-1.668526981,48
746,What was the name of Henry Ford's only son? ,Edsel,43.21052632,48.10526316,24.81578947,34.83797082,33.90271413,29.72836962,28,2,9,39,0.717948718,0.230769231,0.051282051,0.826494878,44
748,What was the name of the plane Buddy Holly died in?  ,American Pie,53.73333333,64.93333333,43.28888889,34.44983177,33.85221894,37.90875542,39,2,4,45,0.866666667,0.088888889,0.044444444,0.689020774,53
749,What was the name of William Shakespeare's wife?  ,Anne Hathaway,50.57142857,54.79591837,42.12244898,33.41219837,34.53378756,32.79394803,40,3,7,50,0.8,0.14,0.06,0.321503709,50
753,What was the only children's story ever published by James Bond creator Ian Fleming? ,Chitty Chitty Bang Bang ,68.62162162,66.24324324,44.08108108,31.69240301,30.64256789,35.47485681,33,1,3,37,0.891891892,0.081081081,0.027027027,-0.287626783,85
755,What was the only X-rated film to win the Academy Award for Best Picture?  ,Midnight Cowboy ,68.85714286,56.69047619,43.76190476,34.90654522,32.49877153,36.39137497,32,2,8,43,0.744186047,0.186046512,0.046511628,0.850783092,75
758,What was the unfortunate name of the plumber who helped popularize and improve the flush toilet? ,Thomas Crapper,60.7804878,77.56097561,48.85365854,33.89580519,27.83437513,36.12032736,29,4,8,43,0.674418605,0.186046512,0.093023256,0.492791333,97
765,What were the first modern Olympic pole vaulters' poles made of? ,Bamboo ,57.17073171,61.36585366,39.04878049,32.60667297,32.15490328,33.13302825,33,4,4,41,0.804878049,0.097560976,0.097560976,0.036196459,65
766,"What were the last names of fishermen David and Ezra, who opened their first sporting goods store in New York?",Abercrombie and Fitch,48.54347826,54.63043478,37.23913043,34.90476346,31.80171812,33.84617804,36,5,5,46,0.782608696,0.108695652,0.108695652,0.850152015,110
768,"What whiskey cocktail lends its name to the short glass also called a ""lowball""?",The old-fashioned,51.82926829,54.6097561,36.41463415,34.27528442,33.52676397,33.30013184,30,7,5,42,0.714285714,0.119047619,0.166666667,0.627198235,80
769,"What word comes to us from the Greek for ""thick-skinned""?  ",Pachyderm,62.71428571,54.21428571,41.69047619,35.05277256,35.90674623,35.67911741,34,4,4,42,0.80952381,0.095238095,0.095238095,0.90257503,59
770,"What word do we derive from the Salish Indian word for ""wild man""?  ",Sasquatch,49.89189189,61.54054054,36.05405405,31.4296249,29.41333276,29.58410416,30,3,4,37,0.810810811,0.108108108,0.081081081,-0.380699576,68
771,"What word for mud bricks comes to us from the ancient Egyptian word ""dbt""? ",Adobe,57.2826087,64.17391304,37.82608696,28.63150017,27.67213147,31.10934433,36,2,8,46,0.782608696,0.173913043,0.043478261,-1.371761147,75
773,"What word is the actual title of the 1979 hit usually called ""The Pina Colada Song""?   ",Escape,50.86842105,53.10526316,36.84210526,34.0795342,36.28028239,35.76993023,23,8,7,38,0.605263158,0.184210526,0.210526316,0.557865902,87
778,What's been released five times a year from January 1999 to fall 2008?,State quarters ,67.19444444,62.66666667,34.16666667,30.89782188,28.63464435,30.04330208,32,2,3,37,0.864864865,0.081081081,0.054054054,-0.569057705,70
779,"What's sometimes called a ""licking stick"" or a ""tin sandwich""?  ",Harmonica,69.35483871,63.93548387,38.93548387,28.21057531,29.73430733,32.19310018,25,4,2,31,0.806451613,0.064516129,0.129032258,-1.520847587,64
780,What's the astronomical term for three celestial bodies aligning?   ,Syzygy,61.02439024,51.95121951,52.24390244,30.48564236,33.79271461,35.44910471,22,11,8,41,0.536585366,0.195121951,0.268292683,-0.71504665,68
787,What's the most populous city in the Southern Hemisphere?,Sao Paulo,64.76190476,55.28571429,40.11904762,33.27256947,31.3627756,33.94342666,31,7,5,43,0.720930233,0.11627907,0.162790698,0.27204886,57
788,"What's the name of the dog who is the hero of Jack London's ""The Call of the Wild""?   ",Buck,61.04444444,60.8,31.4,33.44599144,30.83209662,28.81555767,27,11,8,46,0.586956522,0.173913043,0.239130435,0.333472801,86
791,What's the only Best Picture Oscar winner whose title ends with an exclamation point?  ,Oliver!,68.25581395,57.62790698,30.25581395,29.45706563,33.00867365,29.80100112,30,7,6,43,0.697674419,0.139534884,0.162790698,-1.079355955,87
792,What's the only bird in the famous witches'-cauldron ingredient list from Macbeth? ,An owl,49.31707317,55.90243902,32.90243902,34.67667734,29.49390181,30.35770485,28,9,6,43,0.651162791,0.139534884,0.209302326,0.7693667,83
794,What's the only country outside Africa where lions still live in the wild?  ,India,71.97368421,75.31578947,59.73684211,28.56617433,25.77040547,32.73949942,26,4,8,38,0.684210526,0.210526316,0.105263158,-1.394898761,76
797,What's the only letter that doesn't appear in the periodic table of elements?,J,68.97368421,66.55263158,38.81578947,31.23363298,27.96203736,33.38137955,26,6,6,38,0.684210526,0.157894737,0.157894737,-0.450117517,77
802,"What's the only TV show to top the Nielsen ratings five seasons in a row, from 1972 to 1976?  ",All in the Family ,55.36111111,53.52777778,32.27777778,34.52299671,35.63744909,31.21136342,27,5,5,38,0.710526316,0.131578947,0.131578947,0.714934899,94
807,"When asked to define ""cool,"" what two words did James Brown use? ",James Brown,55.06666667,63.91111111,38.91111111,30.6003565,34.30930315,29.01239721,40,1,4,46,0.869565217,0.086956522,0.02173913,-0.674416304,65
808,"When is the optical phenomenon called a ""green flash"" or ""green ray"" visible?  ",Sunrise or sunset,66.71111111,66.57777778,65.55555556,29.86303752,27.59404489,27.91997945,32,5,8,45,0.711111111,0.177777778,0.111111111,-0.935565673,79
811,"Where did the abbreviation ""INRI"" traditionally appear? ",On Christ's crucifix ,54.30232558,59.51162791,46.69767442,34.9029504,36.87325272,39.15082854,40,0,4,44,0.909090909,0.090909091,0,0.849509853,56
814,Where in the body would you find chyme secreted? ,The stomach ,51.21875,49.5,32.65625,32.76675575,29.60383585,32.3475176,26,2,5,34,0.764705882,0.147058824,0.058823529,0.092895823,49
815,Where in the human body is the only bone that is not jointed to another?  ,Throat,74.10638298,63.61702128,51.74468085,31.3661643,34.29510879,36.1647607,32,5,10,47,0.680851064,0.212765957,0.106382979,-0.403176546,74
818,Where is the only active diamond mine in the U.S.?,Arkansas ,63.02222222,61.88888889,47.66666667,34.65314422,28.74039146,36.63207735,33,5,7,45,0.733333333,0.155555556,0.111111111,0.761031556,50
819,Where is the only royal palace in the United States? ,Hawaii,75.27083333,76.5625,61.08333333,22.89916805,22.75672101,31.90199976,35,7,6,48,0.729166667,0.125,0.145833333,-3.402083104,53
821,Where would you find the countries of Qumar and Equatorial Kundu? ,On TV's The West Wing ,56.73529412,26.47058824,19.20588235,30.71206339,30.26873103,22.7712996,23,8,3,34,0.676470588,0.088235294,0.235294118,-0.63485109,66
824,"Which accidentally invented household items were first marketed as ""friction lights""? ",Matches,60.0877193,69.07017544,44.33333333,33.68831967,30.78720725,33.31201699,50,4,3,58,0.862068966,0.051724138,0.068965517,0.419302498,86
826,Which animal can go longer without water than a camel can? ,Rat,71.88372093,65.46511628,51.90697674,29.96363614,29.51702401,36.2233902,36,3,4,43,0.837209302,0.093023256,0.069767442,-0.899934873,59
831,Which animal was named for what was wrongly thought to be its country of origin? ,Turkey,70.0625,72.47916667,48.3125,26.46909579,27.58043524,33.93871589,33,10,6,49,0.673469388,0.12244898,0.204081633,-2.137658342,81
832,Which animal's eyes are bigger than its brain?   ,Ostrich,72.60416667,77.0625,53.25,30.47547991,22.68133195,32.05945275,32,8,8,48,0.666666667,0.166666667,0.166666667,-0.718646066,49
834,"Which animal's poison could kill up to 2,200 people? ",Poison-arrow frog,75,67.9245283,55.05660377,28.1670839,28.44485154,31.19875188,38,11,6,55,0.690909091,0.109090909,0.2,-1.536251712,53
836,Which animals are born pregnant and can give birth 10 days after being born themselves?  ,Aphids,80.6,43.325,48.625,25.92276497,30.3276023,32.22889888,35,1,4,41,0.853658537,0.097560976,0.024390244,-2.331162039,89
844,"Which British novelist said, ""Fame is a powerful aphrodisiac""?",Graham Greene,57.64285714,53.66666667,32.23809524,34.47291013,31.75336868,29.43849274,28,8,6,42,0.666666667,0.142857143,0.19047619,0.697194848,62
845,Which car had the first antilock brakes?  ,1966 Jensen FF ,49.80851064,38.0212766,31.65957447,33.41350827,29.03482868,31.013515,42,2,4,48,0.875,0.083333333,0.041666667,0.321967658,42
850,Which chess piece was originally called 'the elephant'? ,The bishop,65.97142857,62.25714286,49.11428571,34.0246327,31.87322577,36.42782665,28,3,5,36,0.777777778,0.138888889,0.083333333,0.53842046,56
853,Which Constitutional Amendment deals with the income tax? ,Sixteenth,60.15909091,56.15909091,39.65909091,35.07264433,33.17462128,33.08266122,31,8,5,44,0.704545455,0.113636364,0.181818182,0.909613369,58
854,Which core Flintstones cast member was absent from Flintstone vitamins until 1996? ,Betty Rubble,62.7804878,63.7804878,45.68292683,33.52201679,31.17090967,35.80254113,24,7,10,41,0.585365854,0.243902439,0.170731707,0.360400051,83
856,Which country first used the decimal system?  ,China,62.92105263,61.15789474,47.84210526,30.84168956,28.01980604,30.50168477,28,4,6,38,0.736842105,0.157894737,0.105263158,-0.588939085,46
857,Which country has the most public libraries?  ,Russia,72.425,70.55,51.025,30.05028905,28.31955925,38.88278737,35,1,4,40,0.875,0.1,0.025,-0.869243472,46
864,"Which famous American landmark is officially called ""The Jefferson National Expansion Memorial""? ",St. Louis Gateway Arch ,57.77142857,63.97142857,45.31428571,32.24819714,26.34665479,32.84255796,23,5,8,37,0.621621622,0.216216216,0.135135135,-0.090771298,97
869,"Which insect, one of the fastest, can fly at speeds up to 60 mph? ",Dragonflies,73.66666667,76.58333333,49.44444444,25.63814123,20.43858396,29.37388971,27,2,8,37,0.72972973,0.216216216,0.054054054,-2.431972288,66
870,Which is the largest species of dolphin? ,Orca (Killer Whale) ,64.95555556,76.17777778,55.24444444,31.94665693,26.00811839,36.47985469,33,2,10,45,0.733333333,0.222222222,0.044444444,-0.197573153,41
871,Which is the only cat that cannot retract its claws? ,Cheetah,70.34782609,68.36956522,58.2173913,30.45595537,27.36450149,28.93357377,38,3,5,46,0.826086957,0.108695652,0.065217391,-0.725561421,53
873,Which is the only U.S. state that has a pennant-shaped flag instead of a rectangular one?  ,Ohio,73.71428571,65.0952381,48.9047619,26.18534846,25.79639748,34.45237754,31,8,4,43,0.720930233,0.093023256,0.186046512,-2.238158178,91
874,Which language is spoken in the Canary Islands?   ,Spanish,60.35135135,59.37837838,37.59459459,30.62335367,29.63795554,28.19816726,26,5,6,37,0.702702703,0.162162162,0.135135135,-0.66627099,50
877,"Which mammal is the world's smallest, weighing less than a penny? ",Bumblebee bat,73,67.04081633,58.55102041,31.46360331,30.83690915,36.08327245,39,4,6,49,0.795918367,0.12244898,0.081632653,-0.368664838,66
879,Which monarch did Rita Hayworth marry? ,Aly Khan ,44.52631579,40.81578947,30.02631579,32.4193276,33.28732838,31.70257628,32,4,3,39,0.820512821,0.076923077,0.102564103,-0.030158978,39
883,Which of the four bases of DNA isn't found in RNA?  ,Thymine ,48.10869565,42.7173913,33.43478261,31.76876751,30.95994763,30.84992503,37,5,4,46,0.804347826,0.086956522,0.108695652,-0.260579408,52
884,Which of the four biblical Gospels was written by a tax collector?  ,Matthew,47.19565217,53.5,34.91304348,34.26797635,34.35096635,34.54776152,36,1,9,46,0.782608696,0.195652174,0.02173913,0.624609806,68
885,"Which of the infamous ""Black Sox"" was banned from baseball despite never having agreed to the fix?",Buck Weaver ,48.50980392,41.60784314,30.82352941,34.71505296,33.77044769,30.98174035,37,4,10,51,0.725490196,0.196078431,0.078431373,0.782958876,98
887,Which person has been awarded the most Oscars ever? ,Walt Disney,62.37209302,70.93023256,49.95348837,31.89941278,29.83797145,36.52263062,35,5,5,46,0.760869565,0.108695652,0.108695652,-0.214306451,52
890,Which popular treat was invented by an 11-year-old in California? ,The popsicle,78.92307692,76.17948718,60.41025641,27.92695794,27.33502842,30.3104272,37,1,2,40,0.925,0.05,0.025,-1.621301391,66
891,Which Roman emperor had a speech impediment?  ,Claudius,63.66666667,61.66666667,50.97222222,31.38152323,30.29096989,32.71477264,24,6,6,36,0.666666667,0.166666667,0.166666667,-0.397736601,46
894,Which species of snake gives birth to its young instead of laying eggs?  ,Anaconda,69.59459459,70.7027027,57.86486486,30.17123304,27.42653304,31.81296221,31,2,2,37,0.837837838,0.054054054,0.054054054,-0.826406588,73
895,Which state has the zip code 12345?,New York,64.79545455,71.25,40.06818182,33.26677199,25.90333102,35.13654278,38,2,6,46,0.826086957,0.130434783,0.043478261,0.269995462,35
900,Which U.S. state's leading public university is the only one not to be named for the state?  ,New Jersey's Rutgers,59.35714286,59.69047619,32.92857143,31.76270357,28.93768586,31.79537691,34,4,4,42,0.80952381,0.095238095,0.095238095,-0.262727184,93
901,Which was the only one of his sculptures that Michelangelo signed?  ,The Pieta,58,49.37777778,35.02222222,35.31353076,29.54987224,33.32108866,39,4,3,46,0.847826087,0.065217391,0.086956522,0.994932395,68
902,Which wild mammal in Africa has killed the highest number of people? ,Hippopotamus ,74,81.0952381,60.19047619,25.61916204,22.03302347,31.68460278,22,12,9,43,0.511627907,0.209302326,0.279069767,-2.438694486,69
903,"Which Yellowstone geyser, with eruptions 100 fee taller than Old Faithful's, is the world's tallest?",Steamboat Geyser,65.17391304,66.04347826,51.84782609,28.47868938,29.07764053,32.59581936,32,8,7,47,0.680851064,0.14893617,0.170212766,-1.425884861,100
904,Whittaker Chambers hid Alger Hiss's purloined State Department documents in a hollowed-out what?,Pumpkin,62,64.2972973,52.67567568,33.75236617,32.10474598,34.59451952,30,5,2,37,0.810810811,0.054054054,0.135135135,0.441986985,96
905,Who beat out FDR and Gandhi to be named Time's Person of the Century in 1999? ,Albert Einstein,69.2826087,73.26086957,56.36956522,30.85785551,28.28225575,33.32223728,29,7,10,46,0.630434783,0.217391304,0.152173913,-0.583213306,78
906,Who beat Robert Scott in his expedition to the South Pole by a month?  ,Roald Amundsen ,55.7804878,48.34146341,43.92682927,29.22286108,28.90381442,32.38779882,31,6,4,41,0.756097561,0.097560976,0.146341463,-1.162308342,71
910,"Who christened Hawaii ""the Sandwich Islands"" in 1778?  ",Captain Cook ,52.65789474,57.36842105,38.36842105,33.10693266,31.93610263,29.55930462,30,5,4,39,0.769230769,0.102564103,0.128205128,0.213382326,55
919,Who discovered the Victoria Falls?  ,David Livingstone ,48.73684211,49.55263158,34.89473684,32.64691055,33.81883161,31.2269716,29,5,4,38,0.763157895,0.105263158,0.131578947,0.050448117,36
922,"Who fretted over exponential population growth in his ""An Essay on the Principles of Population""? ",Thomas Malthus ,39.63414634,38.19512195,28.97560976,30.13449527,27.58914597,32.56031926,35,4,3,42,0.833333333,0.071428571,0.095238095,-0.839418659,98
925,Who invented condensed milk in 1856? ,"Gail Borden, Jr. ",57.525,53.725,39.9,30.48327621,32.11516736,30.22717405,31,4,4,40,0.775,0.1,0.1,-0.715884714,37
927,Who is Jason Schwartzman's famous mother?  ,Talia Shire ,50.72972973,39.86486486,21.72972973,31.10613431,33.2917759,26.28650757,32,2,4,38,0.842105263,0.105263158,0.052631579,-0.495275989,43
931,Who is pictured on a US Purple Heart medal? ,George Washington,65.37777778,67.28888889,43.57777778,31.35883875,27.56613718,32.56914944,36,4,6,46,0.782608696,0.130434783,0.086956522,-0.405771166,44
936,"Who is worshiped in the ""Temple of Doom"" discovered by Indiana Jones? ",Kali,50.63414634,49.19512195,31.92682927,33.82658429,31.26117361,32.38471109,30,3,9,42,0.714285714,0.214285714,0.071428571,0.468274136,70
941,Who outgrew a childhood chlorine allergy to become the biggest Olympic medal winner in Australian history? ,Ian Thorpe ,56.91111111,52.68888889,48.6,29.97788747,29.0202298,32.12574725,36,6,3,45,0.8,0.066666667,0.133333333,-0.894887224,107
942,"Who performs the guest guitar solo on Michael Jackson's ""Beat It""?  ",Eddie Van Halen,53.90697674,66,42.69767442,30.78482461,29.05905318,30.78924896,35,4,4,44,0.795454545,0.090909091,0.090909091,-0.609079955,68
944,Who provided the voice for cartoon character Inspector Gadget? ,Don Adams,56.78571429,50.30952381,31.9047619,32.60146317,30.75274177,31.93729338,35,3,4,42,0.833333333,0.095238095,0.071428571,0.034351212,63
946,"Who released only a single album during his lifetime, the ominously named Ready to Die? ",The Notorious BIG,56.27906977,58.20930233,43.6744186,32.81718886,30.11055672,30.92211486,29,7,7,44,0.659090909,0.159090909,0.159090909,0.110758615,88
947,"Who said: ""I'm the president of the United States and I'm not going to eat any more broccoli""? ",George H.W. Bush ,70.58974359,65.82051282,43.74358974,29.58370635,32.19257171,33.11281986,25,5,9,39,0.641025641,0.230769231,0.128205128,-1.034501359,95
948,"Who solves crimes in Bayport, located on Barmet Bay? ",The Hardy Boys ,51.18918919,63.64864865,43.59459459,35.1819381,27.46130228,31.26806985,32,2,3,38,0.842105263,0.078947368,0.052631579,0.948323886,53
950,Who twice lost presidential elections to Dwight Eisenhower in the 1950s?  ,Adlai Stevenson,62.97674419,57.18604651,43.11627907,31.33952956,32.43473727,32.85408527,21,12,10,43,0.488372093,0.23255814,0.279069767,-0.412610245,74
954,Who was banned from Saturday Night Live by viewer phone vote in 1982? ,Andy Kaufman,74.13636364,66.70454545,58.86363636,29.94303965,26.61139776,34.12943278,36,4,4,44,0.818181818,0.090909091,0.090909091,-0.907229896,70
955,Who was flying the plane in which the first US airplane fatality occurred? ,Orville Wright,61.71875,64.3125,51.375,33.6252923,32.51246659,38.94557824,26,2,6,34,0.764705882,0.176470588,0.058823529,0.396978973,75
956,Who was president when the first U.S. presidential news conference was filmed for TV?,Eisenhower ,61.53333333,58.95555556,42.42222222,28.55982557,28.4317009,33.98896137,23,11,10,45,0.511111111,0.222222222,0.244444444,-1.397147415,85
957,Who was sent to the electric chair on the testimony of her brother David Greenglass?,Ether Rosenberg ,58.97560976,43.51219512,50.19512195,29.69552812,28.73249202,33.68101803,34,2,6,42,0.80952381,0.142857143,0.047619048,-0.994895456,84
958,Who was sued in 1999 by Rosa Parks after they used her name to title a hit song?  ,OutKast,67.11764706,55.79411765,33.32352941,30.36022588,35.02966657,34.12874074,23,5,6,34,0.676470588,0.176470588,0.147058824,-0.759467635,82
961,Who was the first woman film director to have a film take in more than $100 million at the box office? ,Penny Marshall,70.27083333,62.5625,50.0625,30.18787948,29.75782125,30.95735313,28,11,9,49,0.571428571,0.183673469,0.224489796,-0.820510624,103
962,Who was the last British Monarch to also be an emperor?  ,George VI,53.55813953,58.34883721,47.55813953,33.63480505,31.98205131,33.63268133,34,4,5,43,0.790697674,0.11627907,0.093023256,0.400348273,57
967,Who was the only person to be nearby at three different presidential assassinations? ,Robert Lincoln ,70.84615385,51.79487179,52.23076923,33.46839708,30.79659883,34.5135073,33,5,2,40,0.825,0.05,0.125,0.341408605,85
968,Who was the only U.S. president never to be married?,James Buchanan ,62,55.12,38.44,29.4846899,30.0208363,34.0900129,33,8,10,51,0.647058824,0.196078431,0.156862745,-1.069571774,52
973,Who won the Nobel Peace Prize in 1964? ,Martin Luther King Jr. ,55.51162791,71.18604651,49.60465116,31.90340487,31.99423744,33.79570241,32,9,3,45,0.711111111,0.066666667,0.2,-0.212892502,39
974,"Who would use the French drop, the double lift, and the DeManche change? ",A magician,47.13043478,52.54347826,43.02173913,32.9744741,34.69979604,33.19671278,38,6,3,47,0.808510638,0.063829787,0.127659574,0.166467123,73
977,"Who wrote ""Who's Afraid of Virginia Woolf?""",Edward Albee,37.42857143,37.8,23.2,33.32485887,33.20949545,28.78091688,23,6,6,35,0.657142857,0.171428571,0.171428571,0.290569124,43
980,"Who's the only two-time Sports Illustrated Sportsman of the Year, so named in 1996 and 2000? ",Tiger Woods ,45.97674419,57.81395349,25.51162791,33.31129393,32.77212507,26.07988834,37,4,3,44,0.840909091,0.068181818,0.090909091,0.28576459,93
982,Whom did the Daughters of the American Revolution bar from singing at Constitution Hall in 1936?,Marian Anderson,62.77142857,40.82857143,39.82857143,29.74409058,28.7724191,32.1846563,31,2,2,35,0.885714286,0.057142857,0.057142857,-0.977695226,96
983,Whom did Yankees owner George Steinbrenner hire and fire five separate times?,Billy Martin,40,39.04761905,28.9047619,27.82611512,29.99101685,30.27178476,29,4,9,42,0.69047619,0.214285714,0.095238095,-1.657018684,77
985,"Whose doghouse apparently contains a basement, a pool table, an Andrew Wyeth painting, and a Jacuzzi?",Snoopy's,54.74358974,64.07692308,47.74358974,33.75898941,29.49878197,35.53850243,29,5,5,39,0.743589744,0.128205128,0.128205128,0.444332854,101
986,"Whose emblem, a white arrowhead, came from a sketch Lamar Hunt drew on a napkin in 1963? ",The Kansas City Chiefs ,46.43181818,49.18181818,27.11363636,34.88812534,30.33937707,29.5061806,37,2,5,46,0.804347826,0.108695652,0.043478261,0.844258997,89
987,"Whose epitaph read in part, ""Here lies one whose name was writ in water?  ",John Keats ,60.98245614,48.42105263,37.54385965,33.80061878,32.42736244,33.4744413,48,2,6,57,0.842105263,0.105263158,0.035087719,0.459077467,74
993,Whose trademark hat always had a $1.98 price tag hanging off one side?,Minnie Pearl's,55.625,44.425,27.85,32.41057718,34.31669064,32.97127732,29,4,7,40,0.725,0.175,0.1,-0.033258273,70
994,"Whose unusual first name is derived from an Italian musical term for ""with sweetness""? ",Condoleeza (con dolcezza) Rice ,55.94,54.4,33.08,32.04041453,34.45020067,32.81602396,38,4,9,51,0.745098039,0.176470588,0.078431373,-0.164365356,87
1000,"Why is Oneida Lake, near Syracuse, New York, sometimes called ""the thumb""?",It sits beside the Finger Lakes ,53.1627907,58.44186047,38.13953488,32.81545094,26.82775954,28.58869357,27,7,8,43,0.627906977,0.186046512,0.162790698,0.110143066,74
1003,"With over 5.3 million sold since 1959, what's by far the most successful British car of all time?",The Mini Cooper,60.46,59.26,43.64,29.6463578,28.69673237,32.96365345,30,10,10,50,0.6,0.2,0.2,-1.012310983,97
1005,"Young wines are said to have ""aroma."" What do older wines have instead?",Bouquet,59.15384615,54.35897436,37.64102564,34.81570914,31.40188327,30.39172947,27,9,4,40,0.675,0.1,0.225,0.818610066,71
1006,YouTube.com is the brainchild of three former employees of what other major website? ,PayPal,66.67391304,66.60869565,55.34782609,30.48427963,29.0589273,30.84745074,27,8,11,46,0.586956522,0.239130435,0.173913043,-0.715529315,85